{"cameraMode":{"drawMode":0,"name":"Shaded","section":"Shading Mode"},"sceneLighting":true,"audioPlay":false,"sceneViewState":{"m_AlwaysRefresh":false,"showFog":true,"showSkybox":true,"showFlares":true,"showImageEffects":true,"showParticleSystems":true,"showVisualEffectGraphs":true,"m_FxEnabled":false},"in2DMode":false,"pivot":{"x":-1.4664254188537598,"y":0.3683682680130005,"z":8.177654266357422},"rotation":{"x":-0.33829525113105776,"y":-0.3163927495479584,"z":0.12188307195901871,"w":-0.8778716921806336},"size":0.6014184355735779,"orthographic":false}